category,tag,domain,source,environment,scenario
Modulation/Movement,vibrating,Musical,tuning fork,wooden desk,a steel tuning fork held against a polished wooden desk
Modulation/Movement,vibrating,Musical,cello,stone room,a thick cello string after being plucked in a stone room
Modulation/Movement,vibrating,Musical,gong,monastery,a brass gong immediately after a mallet strike in a monastery
Modulation/Movement,vibrating,Musical,pipe organ,cathedral,a long pipe organ pedal note in a stone cathedral
Modulation/Movement,vibrating,Musical,snare drum,rehearsal space,a snare drum head when a nearby bass note is played
Modulation/Movement,vibrating,Musical,flute,quiet studio,a silver flute playing a low-frequency trill in a studio
Modulation/Movement,vibrating,Musical,acoustic guitar,cedar attic,an acoustic guitar body while a low string is plucked
Modulation/Movement,vibrating,Musical,glass harmonica,dining room,a glass harmonica rim being rubbed with a wet finger
Modulation/Movement,vibrating,Musical,singing bowl,temple,a singing bowl being swirled with a suede wand in a temple
Modulation/Movement,vibrating,Musical,timpani,orchestra pit,a large timpani head during a soft roll in an orchestra pit
Modulation/Movement,vibrating,Musical,double bass,jazz club,a double bass string being bowed with heavy pressure
Modulation/Movement,vibrating,Musical,duduk,stone cloister,a duduk reed during a sustained note in a stone cloister
Modulation/Movement,vibrating,Musical,sitar,meditation room,a sitar's sympathetic strings ringing in a meditation room
Modulation/Movement,vibrating,Musical,marimba,conservatory,a marimba bar after being hit with a soft mallet
Modulation/Movement,vibrating,Musical,harp,library,a harp frame while the lowest strings are played in a library
Modulation/Movement,vibrating,Musical,bronze bell,clock tower,a large bronze bell after being struck by its clapper
Modulation/Movement,vibrating,Musical,didgeridoo,outback cave,a didgeridoo being blown with high pressure in a cave
Modulation/Movement,vibrating,Musical,kalimba,cozy attic,a kalimba's wooden resonator box while being played in an attic
Modulation/Movement,vibrating,Mechanical,electric motor,workbench,a small electric motor on a metal workbench in a shop
Modulation/Movement,vibrating,Mechanical,pneumatic drill,quarry,a pneumatic drill held against a granite block in a quarry
Modulation/Movement,vibrating,Mechanical,industrial pump,basement,a heavy industrial pump in a concrete basement
Modulation/Movement,vibrating,Mechanical,lathe,machine shop,a metal lathe spinning at high speed in a shop
Modulation/Movement,vibrating,Mechanical,car engine,garage,a car engine idling in a quiet concrete garage
Modulation/Movement,vibrating,Mechanical,hand drill,tin shed,a hand-cranked drill boring into a sheet of tin in a shed
Modulation/Movement,vibrating,Mechanical,ventilation fan,office,a large ventilation fan in an office ceiling
Modulation/Movement,vibrating,Mechanical,air compressor,auto shop,an air compressor tank during operation in an auto shop
Modulation/Movement,vibrating,Mechanical,sewing machine,attic,a sewing machine needle moving through thick denim in an attic
Modulation/Movement,vibrating,Mechanical,centrifuge,medical lab,a centrifuge spinning at peak speed in a lab
Modulation/Movement,vibrating,Mechanical,transformer,utility pole,a transformer on a utility pole in the rain
Modulation/Movement,vibrating,Mechanical,washing machine,laundry room,a washing machine during a high-speed spin cycle
Modulation/Movement,vibrating,Mechanical,lawnmower,suburban yard,a gasoline lawnmower engine running on a suburban yard
Modulation/Movement,vibrating,Mechanical,printing press,newsroom,a printing press floor during a high-speed run in a newsroom
Modulation/Movement,vibrating,Mechanical,refrigerator,kitchen,a refrigerator compressor kicking on in a kitchen
Modulation/Movement,vibrating,Mechanical,electric razor,bathroom,an electric razor held against a porcelain sink
Modulation/Movement,vibrating,Mechanical,conveyor belt,warehouse,a conveyor belt motor in a large warehouse
Modulation/Movement,vibrating,Mechanical,hydraulic ram,shipyard,a hydraulic ram engaging under a heavy load in a shipyard
Modulation/Movement,vibrating,Environmental,sheet metal,windy ridge,a thin sheet of metal in a heavy wind storm on a ridge
Modulation/Movement,vibrating,Environmental,ground,waterfall,the ground near a massive waterfall in a rainforest
Modulation/Movement,vibrating,Environmental,lake surface,frozen valley,a frozen lake surface during a deep ice crack
Modulation/Movement,vibrating,Environmental,wooden bridge,country road,a wooden bridge as a heavy truck passes over
Modulation/Movement,vibrating,Environmental,window pane,bedroom,a window pane during a distant roll of thunder
Modulation/Movement,vibrating,Environmental,bridge cable,coastal bay,a suspension cable on a bridge in a gale
Modulation/Movement,vibrating,Environmental,air,airfield,the air near a low-flying propeller plane at an airfield
Modulation/Movement,vibrating,Environmental,tin roof,farmhouse,a corrugated tin roof during a hailstorm on a farm
Modulation/Movement,vibrating,Environmental,tree trunk,forest,a hollow tree trunk in a strong wind in the woods
Modulation/Movement,vibrating,Environmental,desert floor,canyon,a desert floor during a minor seismic shift in a canyon
Modulation/Movement,vibrating,Environmental,stalactite,cave,a stalactite in a cave near a rushing underground river
Modulation/Movement,vibrating,Environmental,metal gate,prison,a heavy metal gate in a thunderstorm in a prison yard
Modulation/Movement,vibrating,Environmental,pool surface,marsh,the surface of a drum-like pool of water in a marsh
Modulation/Movement,vibrating,Environmental,large leaf,jungle,a large leaf under a heavy direct raindrop in a jungle
Modulation/Movement,vibrating,Environmental,tectonic plate,earth,a tectonic plate settling deep underground
Modulation/Movement,vibrating,Environmental,ship hull,choppy sea,the hull of a ship in a choppy sea in the ocean
Modulation/Movement,vibrating,Environmental,flagpole,mountain,a flagpole in a high-altitude wind on a mountain
Modulation/Movement,vibrating,Environmental,cave floor,cavern,the floor of a cave during a rockfall in a cavern
Modulation/Movement,vibrating,Organic,bumblebee,garden,a large bumblebee hovering near a flower in a garden
Modulation/Movement,vibrating,Organic,cat,living room,a large cat purring deeply on a velvet cushion
Modulation/Movement,vibrating,Organic,vocal cords,hallway,a person’s vocal cords during a low hum in a hallway
Modulation/Movement,vibrating,Organic,wet fur,porch,a dog shaking its wet fur in a tiled hallway
Modulation/Movement,vibrating,Organic,snake tail,desert,a rattlesnake’s tail in the desert sand on a dune
Modulation/Movement,vibrating,Organic,cricket wings,meadow,a cricket’s wings rubbing together in a field
Modulation/Movement,vibrating,Organic,human hand,workshop,a person’s hand after holding a jackhammer in a shop
Modulation/Movement,vibrating,Organic,moth wings,window,a moth’s wings against a glass window at night
Modulation/Movement,vibrating,Organic,hummingbird,meadow,a hummingbird’s chest while hovering in a meadow
Modulation/Movement,vibrating,Organic,elephant,savanna,a large elephant’s throat during a rumble on the savanna
Modulation/Movement,vibrating,Organic,horse skin,pasture,a horse’s skin flinching to remove a fly in a pasture
Modulation/Movement,vibrating,Organic,diaphragm,theatre,a person’s diaphragm during a deep laugh in a theater
Modulation/Movement,vibrating,Organic,cicada,orchard,a cicada’s drum-organ in a summer tree in an orchard
Modulation/Movement,vibrating,Organic,lion,plain,a lion’s chest during a low growl on a grassy plain
Modulation/Movement,vibrating,Organic,walrus,ice shelf,a walrus’s throat while grunting on an ice shelf
Modulation/Movement,vibrating,Organic,lips,frozen tundra,"a person’s lips making a ""brrr"" sound in the cold"
Modulation/Movement,vibrating,Organic,bat,cavern,a bat’s larynx during echolocation in a dark cavern
Modulation/Movement,vibrating,Organic,alligator,swamp,an alligator’s back during a mating bellow in a swamp
Modulation/Movement,vibrating,Domestic,smartphone,nightstand,a smartphone on a wooden nightstand in a bedroom
Modulation/Movement,vibrating,Domestic,blender,kitchen,a blender crushing ice on a kitchen counter
Modulation/Movement,vibrating,Domestic,ceiling fan,bedroom,a ceiling fan on high speed in a bedroom
Modulation/Movement,vibrating,Domestic,tea kettle,pantry,a tea kettle just before it starts to whistle in a pantry
Modulation/Movement,vibrating,Domestic,silverware tray,dining room,a metal tray full of silverware being carried in a hall
Modulation/Movement,vibrating,Domestic,floor fan,hardwood floor,a floor fan on a hardwood floor in a den
Modulation/Movement,vibrating,Domestic,radiator pipe,apartment,a radiator pipe during a steam surge in an apartment
Modulation/Movement,vibrating,Domestic,electric toothbrush,bathroom,an electric toothbrush on a bathroom shelf
Modulation/Movement,vibrating,Domestic,handheld mixer,kitchen,a handheld mixer in a plastic bowl in a kitchen
Modulation/Movement,vibrating,Domestic,microwave oven,kitchen,a microwave oven door during a high-power cycle
Modulation/Movement,vibrating,Domestic,hair dryer,bathroom,a hair dryer on a tiled bathroom counter
Modulation/Movement,vibrating,Domestic,vacuum cleaner,rug,a vacuum cleaner handle during use on a rug
Modulation/Movement,vibrating,Domestic,washing machine,garage,a washing machine on an uneven floor in a garage
Modulation/Movement,vibrating,Domestic,screen door,porch,a screen door in a heavy gust of wind on a porch
Modulation/Movement,vibrating,Domestic,pot lid,stove,a metal pot lid on a boiling pot of water in a kitchen
Modulation/Movement,vibrating,Domestic,aquarium pump,living room,an aquarium pump against a glass tank in a room
Modulation/Movement,vibrating,Domestic,window unit,bedroom,a window air conditioner in a wooden frame in a bedroom
Modulation/Movement,vibrating,Domestic,massager,bedroom,a massager being held against a sore muscle in a room
Modulation/Movement,vibrating,Electronic,subwoofer,club,a large subwoofer at the peak of a low note in a club
Modulation/Movement,vibrating,Electronic,neon sign,diner,a neon sign flickering in a roadside diner window
Modulation/Movement,vibrating,Electronic,television set,living room,an old television set after being turned off in a room
Modulation/Movement,vibrating,Electronic,guitar amplifier,studio,a guitar amplifier with the gain turned up in a studio
Modulation/Movement,vibrating,Electronic,power line,valley,a high-voltage power line in the fog in a valley
Modulation/Movement,vibrating,Electronic,light fixture,office,a fluorescent light fixture in a quiet office
Modulation/Movement,vibrating,Electronic,hard drive,server room,a computer hard drive during a heavy write cycle
Modulation/Movement,vibrating,Electronic,plasma globe,museum,a plasma globe in a science museum hall
Modulation/Movement,vibrating,Electronic,fence wire,pasture,an electric fence wire during a pulse in a pasture
Modulation/Movement,vibrating,Electronic,radio receiver,attic,a radio receiver tuned between stations in an attic
Modulation/Movement,vibrating,Electronic,synthesizer,booth,an analog synthesizer playing a low sine wave in a booth
Modulation/Movement,vibrating,Electronic,battery charger,garage,a battery charger humming on a garage shelf
Modulation/Movement,vibrating,Electronic,buzzer,laboratory,a piezoelectric buzzer on a circuit board in a lab
Modulation/Movement,vibrating,Electronic,laser engraver,shop,a laser engraver moving across a metal plate in a shop
Modulation/Movement,vibrating,Electronic,induction cooktop,kitchen,an induction cooktop with a metal pan in a kitchen
Modulation/Movement,vibrating,Electronic,ion thruster,chamber,an ion thruster in a vacuum chamber in a lab
Modulation/Movement,vibrating,Electronic,smart watch,nightstand,a smart watch on a metal charging stand in a room
Modulation/Movement,vibrating,Electronic,breaker panel,utility room,a circuit breaker panel in an industrial utility room
Modulation/Movement,wobbling,Musical,tuning peg,attic,a loose tuning peg on an old guitar in a dusty attic
Modulation/Movement,wobbling,Musical,cello string,orchestra pit,a loose cello string being bowed in an orchestra pit
Modulation/Movement,wobbling,Musical,organ pipe,cathedral,a damaged organ pipe during a low note in a cathedral
Modulation/Movement,wobbling,Musical,timpani,stage,a timpani head with uneven tension in a concert hall
Modulation/Movement,wobbling,Musical,harp,conservatory,a loose harp string being plucked in a conservatory
Modulation/Movement,wobbling,Musical,tambourine,park,a tambourine held by a loose frame in a public park
Modulation/Movement,wobbling,Musical,bassoon,bog,a bassoon reed with a split in a foggy bog
Modulation/Movement,wobbling,Musical,didgeridoo,cave,a didgeridoo being played with unstable air pressure in a cave
Modulation/Movement,wobbling,Musical,gong,studio,a gong hanging from a loose rope in a recording studio
Modulation/Movement,wobbling,Musical,violin,basement,a violin bridge that is about to slip in a basement
Modulation/Movement,wobbling,Musical,flute,meadow,a flute with a loose key in a summer meadow
Modulation/Movement,wobbling,Musical,piano,ballroom,a piano with a loose soundboard in a grand ballroom
Modulation/Movement,wobbling,Musical,banjo,barn,a banjo with a loose head in a dusty farm barn
Modulation/Movement,wobbling,Musical,lute,ruin,a lute with a cracked neck in a stone castle ruin
Modulation/Movement,wobbling,Musical,trumpet,alley,a trumpet with a stuck valve in a narrow alley
Modulation/Movement,wobbling,Musical,mandolin,parlor,a mandolin with a loose bridge in a sunlit parlor
Modulation/Movement,wobbling,Musical,drum head,shed,a drum head with a loose lug in a garden shed
Modulation/Movement,wobbling,Musical,celesta,tower,a celesta with a loose hammer in a clock tower
Modulation/Movement,wobbling,Mechanical,washing machine,laundry room,an unbalanced washing machine drum in a laundry room
Modulation/Movement,wobbling,Mechanical,wheel,gravel path,a loose wheel on a wooden cart on a gravel path
Modulation/Movement,wobbling,Mechanical,fan,attic,an unbalanced ceiling fan blade in a dusty attic
Modulation/Movement,wobbling,Mechanical,engine,garage,an engine with a loose mounting bolt in a garage
Modulation/Movement,wobbling,Mechanical,pulley,mill,a loose pulley wheel in an old water mill
Modulation/Movement,wobbling,Mechanical,gears,factory,unbalanced iron gears in an old industrial factory
Modulation/Movement,wobbling,Mechanical,lathe,workshop,a lathe turning an off-center piece of wood in a shop
Modulation/Movement,wobbling,Mechanical,pump,basement,a water pump on a loose base in a concrete basement
Modulation/Movement,wobbling,Mechanical,conveyor,warehouse,a loose roller on a conveyor belt in a warehouse
Modulation/Movement,wobbling,Mechanical,press,plant,a hydraulic press with a loose seal in a plant
Modulation/Movement,wobbling,Mechanical,winch,dock,a rusted winch with a loose handle at a shipyard dock
Modulation/Movement,wobbling,Mechanical,shutter,house,a loose window shutter flapping in a steady wind
Modulation/Movement,wobbling,Mechanical,timer,pantry,a mechanical timer with a loose spring in a pantry
Modulation/Movement,wobbling,Mechanical,sewing machine,nook,a sewing machine with a loose needle in a nook
Modulation/Movement,wobbling,Mechanical,projector,cinema,a film projector with a loose take-up reel in a booth
Modulation/Movement,wobbling,Mechanical,lock,vault,a combination lock with a loose dial on a vault
Modulation/Movement,wobbling,Mechanical,drill,shop,a drill bit that is bent in a precision workshop
Modulation/Movement,wobbling,Mechanical,centrifuge,lab,an unbalanced centrifuge in a research laboratory
Modulation/Movement,wobbling,Environmental,boulder,muddy slope,a large boulder settling on a muddy slope after rain
Modulation/Movement,wobbling,Environmental,ice,lake,a large chunk of ice floating in a choppy lake
Modulation/Movement,wobbling,Environmental,tree,forest,a dying tree leaning in a steady forest wind
Modulation/Movement,wobbling,Environmental,bridge,canyon,a suspension bridge swaying in a deep canyon wind
Modulation/Movement,wobbling,Environmental,rock,quarry,a large rock balancing on a gravel slope in a quarry
Modulation/Movement,wobbling,Environmental,sand,dune,a heavy object settling in a loose sand dune
Modulation/Movement,wobbling,Environmental,twigs,meadow,a bundle of dry twigs in a slow-moving stream
Modulation/Movement,wobbling,Environmental,mist,valley,the movement of a heavy fog layer in a deep valley
Modulation/Movement,wobbling,Environmental,thaw,forest,a large icicle melting and shifting on a branch
Modulation/Movement,wobbling,Environmental,reeds,marsh,clumps of marsh reeds in a slow water current
Modulation/Movement,wobbling,Environmental,grass,prairie,tall grass being flattened by a heavy wind gust
Modulation/Movement,wobbling,Environmental,geyser,plain,the uneven bubbling of a large geothermal pool
Modulation/Movement,wobbling,Environmental,branch,roof,a heavy branch scraping unevenly on a metal roof
Modulation/Movement,wobbling,Environmental,mud,swamp,the slow movement of thick mud in a swamp
Modulation/Movement,wobbling,Environmental,water,cistern,the movement of water in a large stone cistern
Modulation/Movement,wobbling,Environmental,roots,cliff,tree roots shifting in loose soil on a cliffside
Modulation/Movement,wobbling,Environmental,surf,beach,a large log rolling in the surf on a sandy beach
Modulation/Movement,wobbling,Environmental,landslide,mountain,a small rockslide settling on a snowy mountain peak
Modulation/Movement,wobbling,Organic,voice,shivering room,a person's voice as they try to hold a note while shivering
Modulation/Movement,wobbling,Organic,heartbeat,room,an irregular heartbeat heard through a stethoscope
Modulation/Movement,wobbling,Organic,breath,alley,unstable breathing of a person after a long race
Modulation/Movement,wobbling,Organic,tongue,mouth,a person making a trilling sound with a loose tongue
Modulation/Movement,wobbling,Organic,hands,gym,unstable clapping of a person with tired hands in a gym
Modulation/Movement,wobbling,Organic,footsteps,hall,the uneven walk of a person on a hardwood floor
Modulation/Movement,wobbling,Organic,teeth,mountain,irregular chattering of teeth in the cold mountain air
Modulation/Movement,wobbling,Organic,wings,loft,the tired flapping of a large bird in a barn loft
Modulation/Movement,wobbling,Organic,tail,sofa,the uneven thumping of a dog's tail against a sofa
Modulation/Movement,wobbling,Organic,throat,booth,an unstable vocal tone from a person with a sore throat
Modulation/Movement,wobbling,Organic,stomach,bedroom,the irregular gurgling of a stomach in a quiet room
Modulation/Movement,wobbling,Organic,scales,swamp,a snake moving unevenly through thick marsh mud
Modulation/Movement,wobbling,Organic,shell,beach,a turtle moving its heavy shell across a sandy beach
Modulation/Movement,wobbling,Organic,bone,field,a dry bone rolling down an uneven grassy slope
Modulation/Movement,wobbling,Organic,fingernail,desk,irregular tapping of fingernails on a wooden desk
Modulation/Movement,wobbling,Organic,hair,porch,the sound of hair being brushed by a shaky hand
Modulation/Movement,wobbling,Organic,joint,study,the irregular clicking of a loose knuckle joint
Modulation/Movement,wobbling,Organic,bird,nest,an unstable chirping from a fledgling in a nest
Modulation/Movement,wobbling,Domestic,table leg,hardwood floor,a loose table leg on a hardwood floor in a den
Modulation/Movement,wobbling,Domestic,jelly,kitchen,a large bowl of jelly being moved in a kitchen
Modulation/Movement,wobbling,Domestic,shelf,library,a loose bookshelf groaning under a heavy load
Modulation/Movement,wobbling,Domestic,drawer,bedroom,a wooden drawer that is off its tracks in a room
Modulation/Movement,wobbling,Domestic,cabinet,pantry,a cabinet door with a loose hinge in a pantry
Modulation/Movement,wobbling,Domestic,box,attic,a cardboard box on an uneven wooden attic floor
Modulation/Movement,wobbling,Domestic,pot,stove,a metal pot with a warped bottom on a stove
Modulation/Movement,wobbling,Domestic,broom,porch,the uneven sweeping of a broom on a wooden porch
Modulation/Movement,wobbling,Domestic,door,house,a heavy door with a loose handle in a hallway
Modulation/Movement,wobbling,Domestic,curtain,theater,a heavy curtain hanging from a loose rod in a theater
Modulation/Movement,wobbling,Domestic,trunk,attic,a wooden trunk being pushed on its uneven base
Modulation/Movement,wobbling,Domestic,books,library,a stack of books leaning on a library shelf
Modulation/Movement,wobbling,Domestic,bathtub,bathroom,a heavy object settling in a porcelain tub
Modulation/Movement,wobbling,Domestic,rug,hallway,someone walking on an unevenly rolled-up rug
Modulation/Movement,wobbling,Domestic,ceiling fan,bedroom,an unbalanced fan thrumming in a bedroom
Modulation/Movement,wobbling,Domestic,pillow,bedroom,a heavy pillow being fluffed with uneven force
Modulation/Movement,wobbling,Domestic,mirror,vanity,a handheld mirror on an uneven wooden table
Modulation/Movement,wobbling,Domestic,shoe,closet,a boot with a loose heel hitting a wooden floor
Modulation/Movement,wobbling,Electronic,speaker,basement,a low-battery portable speaker struggling to play
Modulation/Movement,wobbling,Electronic,transformer,vault,a transformer with a loose core in a utility vault
Modulation/Movement,wobbling,Electronic,motor,garage,an electric motor with a loose belt in a garage
Modulation/Movement,wobbling,Electronic,fan,office,a server cooling fan with a loose housing in a room
Modulation/Movement,wobbling,Electronic,radio,attic,a radio signal that is drifting in and out in an attic
Modulation/Movement,wobbling,Electronic,monitor,den,the image on an old monitor flickering and shifting
Modulation/Movement,wobbling,Electronic,buzzer,factory,a piezo buzzer with an unstable voltage in a shop
Modulation/Movement,wobbling,Electronic,synthesizer,studio,a synthesizer with an unstable oscillator in a booth
Modulation/Movement,wobbling,Electronic,modem,office,a dial-up modem with a poor connection chirping
Modulation/Movement,wobbling,Electronic,scanner,library,a document scanner head moving unevenly in a room
Modulation/Movement,wobbling,Electronic,microwave,kitchen,the uneven rotation of a microwave turntable
Modulation/Movement,wobbling,Electronic,phone,bedroom,a phone vibrating on an uneven wooden nightstand
Modulation/Movement,wobbling,Electronic,circuit,closet,a circuit breaker that is about to trip snapping
Modulation/Movement,wobbling,Electronic,taser,hall,a taser with a low battery crackling unevenly
Modulation/Movement,wobbling,Electronic,tesla coil,museum,a tesla coil with an unstable arc in a hall
Modulation/Movement,wobbling,Electronic,sequencer,booth,a rhythmic pulse that is drifting in tempo in a room
Modulation/Movement,wobbling,Electronic,led,housing,an led driver with a fluctuating current whining
Modulation/Movement,wobbling,Electronic,oscillator,lab,a signal generator with an unstable frequency
Modulation/Movement,shimmering,Musical,wind chimes,conservatory,a set of glass wind chimes in a conservatory
Modulation/Movement,shimmering,Musical,tambourine,recording studio,a tambourine being shaken gently in a studio
Modulation/Movement,shimmering,Musical,singing bowl,temple,a singing bowl being rubbed with a suede wand
Modulation/Movement,shimmering,Musical,glockenspiel,conservatory,a glockenspiel being rolled with soft mallets
Modulation/Movement,shimmering,Musical,sitar,meditation room,the sympathetic strings of a sitar ringing in a room
Modulation/Movement,shimmering,Musical,harp,sunroom,a high-register arpeggio on a harp in a glass room
Modulation/Movement,shimmering,Musical,celesta,tower,a light celesta melody in a stone clock tower
Modulation/Movement,shimmering,Musical,triangle,cathedral,a triangle being struck and allowed to decay
Modulation/Movement,shimmering,Musical,bells,village,a set of small silver bells ringing in a snowy village
Modulation/Movement,shimmering,Musical,mandolin,park,a tremolo played on a mandolin in a city park
Modulation/Movement,shimmering,Musical,guitar,attic,a high-register strum on a 12-string guitar in an attic
Modulation/Movement,shimmering,Musical,marimba,garden,a high-register roll on a marimba in a garden
Modulation/Movement,shimmering,Musical,piano,ballroom,a high-octave trill on a grand piano in a hall
Modulation/Movement,shimmering,Musical,zither,hut,a zither being strummed in a mountain hut
Modulation/Movement,shimmering,Musical,lute,ruin,a lute being strummed in a stone castle ruin
Modulation/Movement,shimmering,Musical,recorder,shed,a high trill on a wooden recorder in a garden shed
Modulation/Movement,shimmering,Musical,ukulele,beach,a light strum on a ukulele on a sandy beach
Modulation/Movement,shimmering,Musical,harmonica,shed,a high-register trill on a harmonica in a shed
Modulation/Movement,shimmering,Mechanical,chrome hubcap,sunny road,a spinning chrome hubcap in the sun on a road
Modulation/Movement,shimmering,Mechanical,brass gears,watchmaker shop,polished brass gears turning in a watchmaker shop
Modulation/Movement,shimmering,Mechanical,spinning top,metal tray,a metal spinning top whistling as it rotates
Modulation/Movement,shimmering,Mechanical,needle,silk,a sewing needle moving rapidly through a silk cloth
Modulation/Movement,shimmering,Mechanical,fan,office,the light reflecting off a fast-moving desk fan blade
Modulation/Movement,shimmering,Mechanical,lathe,workshop,a lathe cutting a thin strip of brass in a shop
Modulation/Movement,shimmering,Mechanical,centrifuge,lab,the high-speed whir of a centrifuge in a laboratory
Modulation/Movement,shimmering,Mechanical,watch,study,the delicate ticking of a high-end mechanical watch
Modulation/Movement,shimmering,Mechanical,clockwork,box,tiny brass gears clicking in a glass case
Modulation/Movement,shimmering,Mechanical,timer,jar,the light ticking of a mechanical timer in a jar
Modulation/Movement,shimmering,Mechanical,stapler,library,the light snap of a small stapler in a library
Modulation/Movement,shimmering,Mechanical,razor,bathroom,the light mechanical buzz of an electric razor
Modulation/Movement,shimmering,Mechanical,sewing machine,nook,the light clicking of a sewing machine in a room
Modulation/Movement,shimmering,Mechanical,projector,cinema,the light rhythmic clicking of a film projector
Modulation/Movement,shimmering,Mechanical,winch,dock,the light metallic clicking of a small winch at a dock
Modulation/Movement,shimmering,Mechanical,shutter,window,the light slam of a small wooden shutter in a room
Modulation/Movement,shimmering,Mechanical,lock,foyer,the light click of a key turning in a small lock
Modulation/Movement,shimmering,Mechanical,drill,workshop,the light whirring of a small drill in a precision workshop
Modulation/Movement,shimmering,Environmental,mist,mountain lake,a light mist reflecting off a mountain lake at dawn
Modulation/Movement,shimmering,Environmental,rain,tin roof,a light drizzle tapping on a corrugated tin roof
Modulation/Movement,shimmering,Environmental,ice,pond,the light cracking of a thin layer of ice on a pond
Modulation/Movement,shimmering,Environmental,leaves,path,the light rustle of a few dry leaves on a paved path
Modulation/Movement,shimmering,Environmental,pebble,rock,a light pebble falling onto a flat granite rock
Modulation/Movement,shimmering,Environmental,sand,dune,sand grains sliding down a glass bottle on a dune
Modulation/Movement,shimmering,Environmental,twigs,forest,the light snap of a small dry twig in a quiet forest
Modulation/Movement,shimmering,Environmental,bubble,surface,a light gas bubble popping on a still pond surface
Modulation/Movement,shimmering,Environmental,mist,pane,the light hiss of mist hitting a flat glass window pane
Modulation/Movement,shimmering,Environmental,fire,match,the light crackle of a match flame in a quiet room
Modulation/Movement,shimmering,Environmental,reeds,deck,light reeds rustling on a wooden deck in a breeze
Modulation/Movement,shimmering,Environmental,icicle,stone,the light shatter of an icicle on a stone floor
Modulation/Movement,shimmering,Environmental,thaw,ledge,light melting ice dripping onto a stone ledge
Modulation/Movement,shimmering,Environmental,grass,mat,light wind rustling grass on a straw mat in a meadow
Modulation/Movement,shimmering,Environmental,geyser,hiss,the light hiss of steam from a small geothermal vent
Modulation/Movement,shimmering,Environmental,branch,roof,the light scraping of a tree branch on a metal roof
Modulation/Movement,shimmering,Environmental,sleet,glass,light sleet hitting a glass window in a winter storm
Modulation/Movement,shimmering,Environmental,water,crack,water trickling through a narrow rock fissure in a canyon
Modulation/Movement,shimmering,Organic,fish scales,net,the scales of a fish as it twists in a net on a boat
Modulation/Movement,shimmering,Organic,snake,desert,a rattlesnake’s rattle shaking quickly in the sun
Modulation/Movement,shimmering,Organic,beetle,bark,a small beetle scuttling on a flat wooden board in a shed
Modulation/Movement,shimmering,Organic,bee,jar,a light bee buzzing inside a shallow glass jar in a garden
Modulation/Movement,shimmering,Organic,wings,hand,a small bird flapping its wings in the listener's hand
Modulation/Movement,shimmering,Organic,fingernail,desk,fingernails tapping lightly on a flat wooden desk
Modulation/Movement,shimmering,Organic,tongue,room,a light clicking tongue sound in a small quiet room
Modulation/Movement,shimmering,Organic,heartbeat,chest,a light heartbeat heard through a stethoscope on the chest
Modulation/Movement,shimmering,Organic,breath,face,light warm breath on the listener's face in the dark
Modulation/Movement,shimmering,Organic,teeth,room,light teeth chattering in a small warm room in a house
Modulation/Movement,shimmering,Organic,paws,floor,light dog claws clicking on a flat hardwood floor in a hall
Modulation/Movement,shimmering,Organic,throat,room,a person clearing their throat lightly in a small room
Modulation/Movement,shimmering,Organic,skin,hands,hands being rubbed together lightly in a quiet room
Modulation/Movement,shimmering,Organic,stomach,bed,a light stomach gurgling in a small bedroom at night
Modulation/Movement,shimmering,Organic,hair,brush,the light sound of hair being brushed in a quiet room
Modulation/Movement,shimmering,Organic,bone,table,a light dry bone hitting a flat wooden table in a room
Modulation/Movement,shimmering,Organic,bird,window,a small bird pecking lightly on a flat glass window
Modulation/Movement,shimmering,Organic,mouse,box,a small mouse scratching inside a cardboard box
Modulation/Movement,shimmering,Domestic,chandelier,hallway,a crystal chandelier swaying in a draft in a hall
Modulation/Movement,shimmering,Domestic,paper,desk,a piece of thin parchment paper being crinkled in the hand
Modulation/Movement,shimmering,Domestic,match,strike,a light match being struck right in front of the face
Modulation/Movement,shimmering,Domestic,scissors,ear,small scissors snipping hair right next to the ear
Modulation/Movement,shimmering,Domestic,spoon,cup,a silver spoon clinking lightly in a porcelain cup
Modulation/Movement,shimmering,Domestic,keys,hand,a small set of brass keys jangling lightly in the hand
Modulation/Movement,shimmering,Domestic,coins,pocket,light coins being jiggled in the pocket of a person's pants
Modulation/Movement,shimmering,Domestic,thimble,table,a metal thimble being tapped on a glass table in a room
Modulation/Movement,shimmering,Domestic,brush,hair,a hairbrush being pulled lightly through hair at the ear
Modulation/Movement,shimmering,Domestic,remote,button,a light remote control button being pressed in the hand
Modulation/Movement,shimmering,Domestic,book,page,a light book page being turned right in front of the face
Modulation/Movement,shimmering,Domestic,curtain,rod,a light curtain ring sliding on a metal rod at the ear
Modulation/Movement,shimmering,Domestic,box,hand,a light cardboard box being opened in front of the listener
Modulation/Movement,shimmering,Domestic,broom,floor,a light broom sweeping the floor at the listener's feet
Modulation/Movement,shimmering,Domestic,door,latch,a light door handle turning and latching in front of the face
Modulation/Movement,shimmering,Domestic,pot,counter,a light metal pot being set on a counter in a kitchen
Modulation/Movement,shimmering,Domestic,shoe,lace,a light shoe being tied right in front of the listener's face
Modulation/Movement,shimmering,Domestic,clock,ear,a light alarm clock ticking right next to the ear
Modulation/Movement,shimmering,Electronic,led display,receiver,a flickering led display on a vintage receiver in a den
Modulation/Movement,shimmering,Electronic,earbud,desk,light sound playing from an earbud lying on a wooden desk
Modulation/Movement,shimmering,Electronic,phone,hand,a light smartphone vibration in the listener's hand
Modulation/Movement,shimmering,Electronic,buzzer,ear,a light piezo buzzer sounding right next to the ear
Modulation/Movement,shimmering,Electronic,led,whine,the light high-pitched whine of an led driver in a housing
Modulation/Movement,shimmering,Electronic,beep,watch,a light digital watch alarm beeping in the listener's hand
Modulation/Movement,shimmering,Electronic,flash,eye,a light camera flash charging in front of the eye
Modulation/Movement,shimmering,Electronic,static,headphone,light radio static in a pair of headphones on the ear
Modulation/Movement,shimmering,Electronic,switch,finger,a light electronic toggle switch being flipped by a finger
Modulation/Movement,shimmering,Electronic,relay,hand,a light mechanical relay clicking in the listener's hand
Modulation/Movement,shimmering,Electronic,scanner,face,a light document scanner whirring in front of the face
Modulation/Movement,shimmering,Electronic,microwave,beep,a light microwave oven beeping in front of the face
Modulation/Movement,shimmering,Electronic,taser,crack,the light crackle of a taser in front of the face in a hall
Modulation/Movement,shimmering,Electronic,modem,ear,a light dial-up modem chirping right next to the ear
Modulation/Movement,shimmering,Electronic,tesla coil,hand,a light tesla coil crackling near the listener's hand
Modulation/Movement,shimmering,Electronic,battery,slot,a light battery snapping into an electronic slot in a device
Modulation/Movement,shimmering,Electronic,sequencer,desk,a light rhythmic pulse from a synthesizer on a desk
Modulation/Movement,shimmering,Electronic,speaker,box,light audio playing through a speaker in a plastic box
Modulation/Movement,fluttering,Musical,clarinet reed,conservatory,a thin reed on a clarinet during a soft note in a hall
Modulation/Movement,fluttering,Musical,flute,meadow,a flute being played with a rapid tonguing in a meadow
Modulation/Movement,fluttering,Musical,tambourine,recording studio,a tambourine being rolled with a thumb in a studio
Modulation/Movement,fluttering,Musical,violin,gallery,a violin playing a high-speed tremolo in an art gallery
Modulation/Movement,fluttering,Musical,harp,library,a rapid high-register glissando on a harp in a library
Modulation/Movement,fluttering,Musical,piano,ballroom,a high-speed trill on a grand piano in a grand hall
Modulation/Movement,fluttering,Musical,marimba,conservatory,a marimba being played with a rapid mallet roll
Modulation/Movement,fluttering,Musical,bells,village,the rapid pealing of small silver bells in a snowy village
Modulation/Movement,fluttering,Musical,recorder,shed,a high-speed trill on a wooden recorder in a garden shed
Modulation/Movement,fluttering,Musical,mandolin,park,a high-speed tremolo on a mandolin in a city park
Modulation/Movement,fluttering,Musical,guitar,attic,a rapid rhythmic strum on an acoustic guitar in an attic
Modulation/Movement,fluttering,Musical,ukulele,beach,a fast percussive strum on a ukulele on a sandy beach
Modulation/Movement,fluttering,Musical,zither,hut,a rapid plucking of a zither in a mountain hut
Modulation/Movement,fluttering,Musical,lute,ruin,a rapid plucking of a lute in a stone castle ruin
Modulation/Movement,fluttering,Musical,harmonica,shed,a rapid rhythmic trill on a harmonica in a shed
Modulation/Movement,fluttering,Musical,drums,garage,a rapid snare drum roll in a concrete garage
Modulation/Movement,fluttering,Musical,celesta,tower,a rapid melody on a celesta in a stone clock tower
Modulation/Movement,fluttering,Musical,trumpet,alley,a rapid rhythmic fanfare on a trumpet in an alley
Modulation/Movement,fluttering,Mechanical,camera shutter,summit,a shutter blade in a high-speed camera on a mountain
Modulation/Movement,fluttering,Mechanical,projector,cinema,a film projector with a loose film reel in a booth
Modulation/Movement,fluttering,Mechanical,fan,office,a desk fan with a piece of paper caught in the blade
Modulation/Movement,fluttering,Mechanical,typewriter,attic,the rapid clacking of a typewriter in a dusty attic
Modulation/Movement,fluttering,Mechanical,sewing machine,nook,the rapid clicking of a sewing machine in a room
Modulation/Movement,fluttering,Mechanical,drill,workshop,the rapid whirring of a small drill in a precision workshop
Modulation/Movement,fluttering,Mechanical,gears,mill,the rapid clicking of small brass gears in an old mill
Modulation/Movement,fluttering,Mechanical,watch,study,the rapid ticking of a high-end mechanical watch
Modulation/Movement,fluttering,Mechanical,clockwork,box,the rapid clicking of tiny brass gears in a glass case
Modulation/Movement,fluttering,Mechanical,timer,jar,the rapid ticking of a mechanical timer inside a glass jar
Modulation/Movement,fluttering,Mechanical,stapler,library,the rapid snapping of a stapler being used in a library
Modulation/Movement,fluttering,Mechanical,razor,bathroom,the rapid mechanical buzz of an electric razor in a room
Modulation/Movement,fluttering,Mechanical,winch,dock,the rapid metallic clicking of a small winch at a dock
Modulation/Movement,fluttering,Mechanical,shutter,house,the rapid flapping of a small wooden shutter in a wind
Modulation/Movement,fluttering,Mechanical,lock,foyer,the rapid clicking of a combination lock being turned
Modulation/Movement,fluttering,Mechanical,ratchet,garage,the rapid clicking of a ratchet wrench in a concrete garage
Modulation/Movement,fluttering,Mechanical,clippers,shop,the rapid mechanical buzz of electric clippers in a shop
Modulation/Movement,fluttering,Mechanical,centrifuge,lab,the rapid whirring of a laboratory centrifuge in a lab
Modulation/Movement,fluttering,Environmental,leaf,spiderweb,a leaf caught in a spiderweb in a gentle breeze in a forest
Modulation/Movement,fluttering,Environmental,flag,mountain,a flag in the wind on a high-altitude mountain ridge
Modulation/Movement,fluttering,Environmental,paper,city street,a piece of paper caught in a fan on a busy city street
Modulation/Movement,fluttering,Environmental,rain,roof,the rapid tapping of rain on a corrugated tin roof
Modulation/Movement,fluttering,Environmental,wind,crack,the rapid whistling of wind through a narrow window crack
Modulation/Movement,fluttering,Environmental,stream,woods,the rapid splashing of water over stones in a stream
Modulation/Movement,fluttering,Environmental,ice,pond,the rapid cracking of a thin layer of ice on a winter pond
Modulation/Movement,fluttering,Environmental,bubble,marsh,the rapid popping of bubbles in a thick marsh swamp
Modulation/Movement,fluttering,Environmental,fire,campsite,the rapid snapping of dry pine needles in a campfire
Modulation/Movement,fluttering,Environmental,thaw,forest,the rapid tinkling of melting ice in a spring forest
Modulation/Movement,fluttering,Environmental,grass,prairie,the rapid rustle of grass in a prairie wind at night
Modulation/Movement,fluttering,Environmental,hail,meadow,the rapid thumping of hail on a grassy field in a storm
Modulation/Movement,fluttering,Environmental,mist,valley,the rapid dripping of mist from a rocky ledge in a valley
Modulation/Movement,fluttering,Environmental,reeds,marsh,the rapid clinking of ice-covered reeds in a marsh wind
Modulation/Movement,fluttering,Environmental,pebbles,shore,the rapid rattling of stones in a heavy coastal surf
Modulation/Movement,fluttering,Environmental,sand,dune,the rapid clicking of sand against a metal post on a dune
Modulation/Movement,fluttering,Environmental,geyser,plain,the rapid bubbling and hissing of a small geothermal vent
Modulation/Movement,fluttering,Environmental,branch,roof,the rapid scraping of a tree branch on a metal roof
Modulation/Movement,fluttering,Organic,butterfly wings,glass jar,a butterfly's wings against a glass jar in a garden
Modulation/Movement,fluttering,Organic,wings,loft,the rapid flapping of thousands of pigeon wings in a loft
Modulation/Movement,fluttering,Organic,heartbeat,room,the rapid rhythmic thumping of a human heartbeat in a room
Modulation/Movement,fluttering,Organic,tongue,room,a person making a rapid trilling sound with their tongue
Modulation/Movement,fluttering,Organic,hands,gym,the rapid rhythmic clapping of hands in a padded gym
Modulation/Movement,fluttering,Organic,footsteps,hall,the rapid rhythmic tapping of feet on a hardwood floor
Modulation/Movement,fluttering,Organic,teeth,mountain,the rapid rhythmic chattering of teeth in the cold air
Modulation/Movement,fluttering,Organic,bird,nest,the rapid rhythmic pecking of a bird on a wooden house
Modulation/Movement,fluttering,Organic,bees,garden,the rapid rhythmic humming of a bee swarm near a hive
Modulation/Movement,fluttering,Organic,cicada,orchard,the rapid rhythmic buzzing of a cicada in a summer tree
Modulation/Movement,fluttering,Organic,cricket,meadow,the rapid rhythmic chirping of a cricket in a meadow
Modulation/Movement,fluttering,Organic,paws,floor,the rapid rhythmic clicking of dog claws on a floor
Modulation/Movement,fluttering,Organic,wings,garden,the rapid rhythmic whirring of hummingbird wings
Modulation/Movement,fluttering,Organic,breath,alley,the rapid rhythmic huffing of a person after a race
Modulation/Movement,fluttering,Organic,stomach,den,the rapid rhythmic gurgling of a hungry stomach in a room
Modulation/Movement,fluttering,Organic,scales,swamp,the rapid rhythmic rustle of a snake in dry marsh grass
Modulation/Movement,fluttering,Organic,bone,museum,the rapid rhythmic click of two bones being tapped in a room
Modulation/Movement,fluttering,Organic,bird,window,a small bird pecking rapidly on a flat glass window
Modulation/Movement,fluttering,Domestic,lace curtain,open window,a lace curtain in an open window in a bedroom
Modulation/Movement,fluttering,Domestic,paper,desk,a piece of parchment paper being crinkled in the hand
Modulation/Movement,fluttering,Domestic,match,strike,a match being struck rapidly right in front of the face
Modulation/Movement,fluttering,Domestic,scissors,ear,scissors snipping hair rapidly right next to the ear
Modulation/Movement,fluttering,Domestic,spoon,cup,a metal spoon clinking rapidly in a porcelain cup
Modulation/Movement,fluttering,Domestic,keys,hand,a small set of brass keys jangling rapidly in the hand
Modulation/Movement,fluttering,Domestic,coins,pocket,coins being jiggled rapidly in the pocket of a person's pants
Modulation/Movement,fluttering,Domestic,thimble,table,a metal thimble being tapped rapidly on a glass table
Modulation/Movement,fluttering,Domestic,brush,hair,a hairbrush being pulled rapidly through hair at the ear
Modulation/Movement,fluttering,Domestic,remote,button,a person pressing buttons rapidly on a remote control
Modulation/Movement,fluttering,Domestic,book,page,book pages being turned rapidly right in front of the face
Modulation/Movement,fluttering,Domestic,curtain,rod,curtain rings sliding rapidly on a metal rod at the ear
Modulation/Movement,fluttering,Domestic,box,hand,a small cardboard box being opened rapidly in a room
Modulation/Movement,fluttering,Domestic,broom,floor,a broom sweeping the floor rapidly at the listener's feet
Modulation/Movement,fluttering,Domestic,door,latch,a door handle turning and latching rapidly in a room
Modulation/Movement,fluttering,Domestic,pot,counter,a small metal pot being set on a counter rapidly
Modulation/Movement,fluttering,Domestic,shoe,lace,a shoe being tied rapidly right in front of the face
Modulation/Movement,fluttering,Domestic,clock,ear,a small alarm clock ticking rapidly right next to the ear
Modulation/Movement,fluttering,Electronic,loose wire,metal chassis,a loose wire sparking against a metal chassis in a lab
Modulation/Movement,fluttering,Electronic,earbud,desk,sound playing rapidly from an earbud lying on a desk
Modulation/Movement,fluttering,Electronic,phone,hand,a smartphone vibrating rapidly in the listener's hand
Modulation/Movement,fluttering,Electronic,buzzer,ear,a piezo buzzer sounding rapidly right next to the ear
Modulation/Movement,fluttering,Electronic,led,whine,the rapid high-pitched whine of an led driver in a housing
Modulation/Movement,fluttering,Electronic,beep,watch,a digital watch alarm beeping rapidly in the hand
Modulation/Movement,fluttering,Electronic,flash,eye,a camera flash charging rapidly right in front of the eye
Modulation/Movement,fluttering,Electronic,static,headphone,rapid radio static in a pair of headphones on the ear
Modulation/Movement,fluttering,Electronic,switch,finger,an electronic toggle switch being flipped rapidly by a finger
Modulation/Movement,fluttering,Electronic,relay,hand,a small mechanical relay clicking rapidly in the hand
Modulation/Movement,fluttering,Electronic,scanner,face,a document scanner whirring rapidly right in front of the face
Modulation/Movement,fluttering,Electronic,microwave,beep,a microwave oven beeping rapidly right in front of the face
Modulation/Movement,fluttering,Electronic,taser,crack,the rapid crackle of a taser right in front of the face
Modulation/Movement,fluttering,Electronic,modem,ear,a dial-up modem chirping rapidly right next to the ear
Modulation/Movement,fluttering,Electronic,tesla coil,hand,a small tesla coil crackling rapidly near the hand
Modulation/Movement,fluttering,Electronic,battery,slot,a battery snapping rapidly into an electronic slot in a device
Modulation/Movement,fluttering,Electronic,sequencer,desk,a rapid rhythmic pulse from a synthesizer on a desk
Modulation/Movement,fluttering,Electronic,speaker,box,rapid audio playing through a speaker in a plastic box
Modulation/Movement,morphing,Musical,sliding mute,trumpet,a sliding mute being inserted into a trumpet in a room
Modulation/Movement,morphing,Musical,filter,synthesizer,an analog filter knob being turned on a synthesizer in a booth
Modulation/Movement,morphing,Musical,string,guitar,a guitar string being slowly detuned while being plucked
Modulation/Movement,morphing,Musical,drum head,studio,a drum head being pressed with a hand while being hit
Modulation/Movement,morphing,Musical,organ,church,the sound of an organ pipe as the air pressure is reduced
Modulation/Movement,morphing,Musical,cello,hall,a cello note sliding in pitch and volume in an empty hall
Modulation/Movement,morphing,Musical,flute,meadow,a flute note transitioning from a clear tone to air
Modulation/Movement,morphing,Musical,violin,gallery,a violin note transitioning from a pluck to a bow
Modulation/Movement,morphing,Musical,harp,library,a harp note decaying into a low-frequency rumble
Modulation/Movement,morphing,Musical,piano,ballroom,a grand piano note shifting as the pedal is depressed
Modulation/Movement,morphing,Musical,marimba,studio,a marimba note shifting as the mallet position changes
Modulation/Movement,morphing,Musical,tambourine,park,a tambourine roll transitioning into a single hit
Modulation/Movement,morphing,Musical,recorder,shed,a recorder note shifting from a low to high octave
Modulation/Movement,morphing,Musical,ukulele,beach,a ukulele chord transitioning into a rhythmic tap
Modulation/Movement,morphing,Musical,banjo,barn,a banjo note shifting from a snap to a long decay
Modulation/Movement,morphing,Musical,gong,basement,a gong strike transitioning from a peak to a low thrum
Modulation/Movement,morphing,Musical,bells,village,the sound of a bell transitioning from a strike to a ring
Modulation/Movement,morphing,Musical,zither,hut,a zither note shifting as the string tension changes
Modulation/Movement,morphing,Mechanical,transmission,car,a manual transmission shifting gears while revving in a car
Modulation/Movement,morphing,Mechanical,motor,workshop,an electric motor changing speed in a precision workshop
Modulation/Movement,morphing,Mechanical,drill,board,the sound of a drill as it transitions from wood to metal
Modulation/Movement,morphing,Mechanical,pump,basement,a water pump sound shifting as it primes with water
Modulation/Movement,morphing,Mechanical,fan,office,a desk fan sound shifting as the speed is increased
Modulation/Movement,morphing,Mechanical,typewriter,attic,a typewriter sound shifting as the ribbon is changed
Modulation/Movement,morphing,Mechanical,sewing machine,nook,a sewing machine sound shifting as the fabric changes
Modulation/Movement,morphing,Mechanical,gears,mill,the sound of iron gears as the load is increased in a mill
Modulation/Movement,morphing,Mechanical,watch,study,the ticking of a watch shifting as it is wound by hand
Modulation/Movement,morphing,Mechanical,lathe,factory,the sound of a lathe as it cuts deeper into a metal rod
Modulation/Movement,morphing,Mechanical,press,plant,the sound of a hydraulic press as it reaches full force
Modulation/Movement,morphing,Mechanical,winch,dock,the sound of a winch as the load is lifted from the water
Modulation/Movement,morphing,Mechanical,shutter,house,a window shutter sound shifting as the wind increases
Modulation/Movement,morphing,Mechanical,timer,jar,the sound of a mechanical timer shifting as it reaches zero
Modulation/Movement,morphing,Mechanical,lock,vault,the sound of a vault lock as the combination is entered
Modulation/Movement,morphing,Mechanical,projector,cinema,a film projector sound shifting as the film speed changes
Modulation/Movement,morphing,Mechanical,stapler,desk,a stapler sound shifting as more sheets are added
Modulation/Movement,morphing,Mechanical,clippers,shop,the sound of electric clippers as they cut through hair
Modulation/Movement,morphing,Environmental,snow to slush,sunny forest,a patch of snow turning to slush in the sun in a forest
Modulation/Movement,morphing,Environmental,ice melting,lake,a piece of ice melting into water on a hot rock by a lake
Modulation/Movement,morphing,Environmental,wind,canyon,the sound of wind as it transitions from a whistle to a roar
Modulation/Movement,morphing,Environmental,rain,roof,the sound of rain as it transitions from a drizzle to a downpour
Modulation/Movement,morphing,Environmental,fire,campsite,the sound of a fire as it transitions from a snap to a roar
Modulation/Movement,morphing,Environmental,thaw,spring,the sound of a frozen stream as it starts to flow in spring
Modulation/Movement,morphing,Environmental,mud,marsh,the sound of thick mud as it dries in the summer sun
Modulation/Movement,morphing,Environmental,mist,valley,the sound of mist as it transitions into a heavy rain storm
Modulation/Movement,morphing,Environmental,thunder,plains,the sound of thunder as it transitions from a crack to a roll
Modulation/Movement,morphing,Environmental,wave,beach,the sound of a wave as it transitions from a swell to a break
Modulation/Movement,morphing,Environmental,sand,dune,the sound of sand as it transitions from a slide to a whistle
Modulation/Movement,morphing,Environmental,geyser,plain,the sound of a geyser as it transitions from a bubble to a hiss
Modulation/Movement,morphing,Environmental,avalanche,slope,the sound of an avalanche as it transitions from a thud to a roar
Modulation/Movement,morphing,Environmental,landslide,mountain,the sound of a rockslide as it transitions into a rumble
Modulation/Movement,morphing,Environmental,tree,forest,the sound of a tree as it transitions from a snap to a crash
Modulation/Movement,morphing,Environmental,roots,cliff,the sound of tree roots as they transition from a creak to a snap
Modulation/Movement,morphing,Environmental,pebble,shore,the sound of a pebble as it transitions from a clink to a rattle
Modulation/Movement,morphing,Environmental,grass,prairie,the sound of grass as it transitions from a rustle to a hiss
Modulation/Movement,morphing,Organic,voice,room,a person's voice changing as they inhale sulfur hexafluoride
Modulation/Movement,morphing,Organic,heartbeat,chest,a heart thumping faster and louder during a panic in a room
Modulation/Movement,morphing,Organic,breath,alley,breathing transitioning from a huff to a steady rhythm
Modulation/Movement,morphing,Organic,voice,cathedral,a person's voice transitioning from a whisper to a shout
Modulation/Movement,morphing,Organic,tongue,room,a clicking tongue sound transitioning into a whistle in a room
Modulation/Movement,morphing,Organic,hands,gym,the sound of hands clapping faster and faster in a padded gym
Modulation/Movement,morphing,Organic,teeth,porch,the sound of teeth chattering faster in the cold morning air
Modulation/Movement,morphing,Organic,wings,loft,the sound of wings flapping as a bird gains speed in a loft
Modulation/Movement,morphing,Organic,tail,sofa,the sound of a dog's tail thumping faster against a leather sofa
Modulation/Movement,morphing,Organic,throat,booth,a person's voice transitioning from a rasp to a clear tone
Modulation/Movement,morphing,Organic,stomach,bedroom,the sound of a stomach as it transitions from a gurgle to a thrum
Modulation/Movement,morphing,Organic,scales,swamp,the sound of a snake as it transitions from a rustle to a hiss
Modulation/Movement,morphing,Organic,shell,beach,the sound of a turtle shell scraping from sand to stone
Modulation/Movement,morphing,Organic,bone,field,the sound of a bone as it transitions from a snap to a crunch
Modulation/Movement,morphing,Organic,fingernail,desk,the sound of fingernails tapping faster on a wooden desk
Modulation/Movement,morphing,Organic,hair,brush,the sound of hair being brushed as it transitions from wet to dry
Modulation/Movement,morphing,Organic,joint,study,the sound of a knuckle cracking transitioning into a sigh
Modulation/Movement,morphing,Organic,bird,nest,a fledgling's chirp transitioning into a clear melodic song
Modulation/Movement,morphing,Domestic,sugar cube,tea,a sugar cube dissolving in a hot cup of tea in a room
Modulation/Movement,morphing,Domestic,paper,desk,a piece of paper transitioning from a crinkle to a tear
Modulation/Movement,morphing,Domestic,match,strike,a match transitioning from a strike to a steady flame
Modulation/Movement,morphing,Domestic,kettle,kitchen,a tea kettle transitioning from a hum to a piercing whistle
Modulation/Movement,morphing,Domestic,frying,pan,a frying pan transitioning from a sizzle to a quiet thrum
Modulation/Movement,morphing,Domestic,blender,kitchen,a blender transitioning from a roar to a high-pitched whine
Modulation/Movement,morphing,Domestic,vacuum,rug,a vacuum transitioning from a roar to a high-pitched whistle
Modulation/Movement,morphing,Domestic,washer,laundry,a washing machine transitioning from a fill to a spin cycle
Modulation/Movement,morphing,Domestic,heater,apartment,a gas heater transitioning from an ignition to a steady roar
Modulation/Movement,morphing,Domestic,hairdryer,bathroom,a hairdryer transitioning from a low to high speed whine
Modulation/Movement,morphing,Domestic,fan,bedroom,a floor fan transitioning from a thrum to a high-speed whir
Modulation/Movement,morphing,Domestic,lawnmower,yard,a lawnmower transitioning from an idle to a full-throttle roar
Modulation/Movement,morphing,Domestic,pipes,basement,water pipes transitioning from a thud to a high-pitched hiss
Modulation/Movement,morphing,Domestic,door,house,a heavy door transitioning from a creak to a firm thud
Modulation/Movement,morphing,Domestic,cabinet,pantry,a cabinet door transitioning from a swing to a latch click
Modulation/Movement,morphing,Domestic,box,attic,a cardboard box transitioning from a scrape to a heavy thud
Modulation/Movement,morphing,Domestic,broom,porch,a broom transitioning from a sweep to a rhythmic tap
Modulation/Movement,morphing,Domestic,curtain,theater,a curtain transitioning from a rustle to a heavy thud on stage
Modulation/Movement,morphing,Electronic,power up,lab,the sound of an electronic device transitioning from silence to a hum
Modulation/Movement,morphing,Electronic,static,radio,the sound of a radio signal as it transitions from static to music
Modulation/Movement,morphing,Electronic,beep,den,a computer beep transitioning from a high to a low-pitched tone
Modulation/Movement,morphing,Electronic,flash,studio,a camera flash transitioning from a whine to a sharp pop
Modulation/Movement,morphing,Electronic,taser,hall,a taser transitioning from a crackle to a steady electrical hiss
Modulation/Movement,morphing,Electronic,buzzer,factory,an alarm buzzer transitioning from a pulse to a steady roar
Modulation/Movement,morphing,Electronic,subwoofer,room,a subwoofer pulse transitioning from a low thud to a vibration
Modulation/Movement,morphing,Electronic,sequencer,booth,a rhythmic pulse transitioning in tempo and pitch in a room
Modulation/Movement,morphing,Electronic,relay,server,a mechanical relay transitioning from a click to a rapid buzz
Modulation/Movement,morphing,Electronic,modem,office,a dial-up handshake transitioning in pitch and complexity
Modulation/Movement,morphing,Electronic,scanner,library,a document scanner transitioning from a whir to a rhythmic click
Modulation/Movement,morphing,Electronic,phone,bedroom,a phone vibration transitioning from a pulse to a steady hum
Modulation/Movement,morphing,Electronic,circuit breaker,closet,a circuit breaker transitioning from a snap to a buzz
Modulation/Movement,morphing,Electronic,tesla coil,museum,a tesla coil transitioning from a hum to a loud rhythmic roar
Modulation/Movement,morphing,Electronic,led,housing,an led driver transitioning from a whine to a high-pitched hiss
Modulation/Movement,morphing,Electronic,oscillator,lab,a signal generator transitioning in frequency and waveform
Modulation/Movement,morphing,Electronic,speaker,box,audio transitioning from a clear tone to a distorted signal
Modulation/Movement,morphing,Electronic,cable,hand,a shielded audio cable transitioning from a crackle to a hum
